Date,Close_Price
2023-01-01,100.99342830602247
2023-01-02,100.7168997036801
2023-01-03,102.01227677988147
2023-01-04,105.05833649269753
2023-01-05,104.59002974325085
2023-01-06,104.1217558293525
2023-01-07,107.28018146036729
2023-01-08,108.8150509186731
2023-01-09,107.87610214680319
2023-01-10,108.96122223397512
2023-01-11,108.0343868483502
2023-01-12,107.10292734120968
2023-01-13,107.58685188434175
2023-01-14,103.76029139502616
2023-01-15,100.31045573000009
2023-01-16,99.18588067151815
2023-01-17,97.1602184308493
2023-01-18,97.78871309603984
2023-01-19,95.97266494499742
2023-01-20,93.14805754232684
2023-01-21,96.07935508016995
2023-01-22,95.62780247919687
2023-01-23,95.76285888857272
2023-01-24,92.91336251614581
2023-01-25,91.82459706709545
2023-01-26,92.04644224651518
2023-01-27,89.74445509167057
2023-01-28,90.49585112836192
2023-01-29,89.29457374852431
2023-01-30,88.71118624893776
2023-01-31,87.50777302447896
2023-02-01,91.21232939349684
2023-02-02,91.18533494402097
2023-02-03,89.06991308610917
2023-02-04,90.71500291031555
2023-02-05,88.2733156103735
2023-02-06,88.69104280038302
2023-02-07,84.77170255262347
2023-02-08,82.1153304548266
2023-02-09,82.50905292656485
2023-02-10,83.98598608655567
2023-02-11,84.32872264893561
2023-02-12,84.09742608415914
2023-02-13,83.49521869298056
2023-02-14,80.5381747122457
2023-02-15,79.09848629545628
2023-02-16,78.1772087535367
2023-02-17,80.29145320597453
2023-02-18,80.97868978511146
2023-02-19,77.452609474386
2023-02-20,78.10077741317558
2023-02-21,77.33061285234295
2023-02-22,75.97676885173104
2023-02-23,77.20012142941277
2023-02-24,79.26212047440467
2023-02-25,81.12468071263706
2023-02-26,79.44624566619179
2023-02-27,78.82782091448937
2023-02-28,79.49034777729649
2023-03-01,81.44143803154121
2023-03-02,80.48308955585063
2023-03-03,80.11177160252299
2023-03-04,77.89910165451093
2023-03-05,75.5066884063496
2023-03-06,77.131740051138
2023-03-07,79.84422010827964
2023-03-08,79.70019986511898
2023-03-09,81.70726566090302
2023-03-10,82.4305377109983
2023-03-11,81.14029820178804
2023-03-12,81.86308941280487
2023-03-13,84.9391625457368
2023-03-14,84.8675104675169
2023-03-15,87.99679777914491
2023-03-16,82.75730757096542
2023-03-17,84.40111257971587
2023-03-18,84.57520671619221
2023-03-19,83.97719201526047
2023-03-20,84.16071356833149
2023-03-21,80.18557573912969
2023-03-22,79.74623196345468
2023-03-23,80.46045710647817
2023-03-24,83.4162451959612
2023-03-25,82.3797047594139
2023-03-26,80.76271755362752
2023-03-27,79.75920346645846
2023-03-28,81.5900077018626
2023-03-29,82.24750992118197
2023-03-30,81.18798951364789
2023-03-31,82.2145243798746
2023-04-01,82.40867947857069
2023-04-02,84.34596945963646
2023-04-03,82.94186327188176
2023-04-04,82.28653897868622
2023-04-05,81.50232267242191
2023-04-06,78.57529277615767
2023-04-07,79.16753333028682
2023-04-08,79.6896438746466
2023-04-09,79.69987078793152
2023-04-10,79.23069652118123
2023-04-11,76.39995503708039
2023-04-12,75.55866439154968
2023-04-13,74.87323535849615
2023-04-14,73.26868082005291
2023-04-15,72.94610939672089
2023-04-16,73.75421111034996
2023-04-17,77.52658291277102
2023-04-18,77.87573853843469
2023-04-19,78.39083931988023
2023-04-20,78.24194748834789
2023-04-21,74.40440505774981
2023-04-22,74.35137730685138
2023-04-23,74.47183772673343
2023-04-24,79.39832195170399
2023-04-25,79.01360002214176
2023-04-26,79.61669470680897
2023-04-27,79.54727116739849
2023-04-28,77.20991509215943
2023-04-29,79.49556072118946
2023-04-30,80.99942678656302
2023-05-01,82.58149068064911
2023-05-02,80.76271577105963
2023-05-03,83.56830439293182
2023-05-04,80.76460226734727
2023-05-05,81.93831645494781
2023-05-06,86.31922770656777
2023-05-07,84.33815505630639
2023-05-08,83.20555959710084
2023-05-09,83.40486232727613
2023-05-10,82.39791101904373
2023-05-11,79.29658415691146
2023-05-12,79.43371010652352
2023-05-13,77.30910267907132
2023-05-14,78.25628754034167
2023-05-15,76.41743907187407
2023-05-16,79.51730788190915
2023-05-17,77.95080129723667
2023-05-18,77.30667826482532
2023-05-19,78.93371269956467
2023-05-20,76.47198406669675
2023-05-21,76.926903935905
2023-05-22,79.54118944446986
2023-05-23,76.3262229753474
2023-05-24,76.69549069241202
2023-05-25,77.21525628090886
2023-05-26,78.77890202446348
2023-05-27,76.30500060270731
2023-05-28,73.66408737653876
2023-05-29,74.70797050777256
2023-05-30,75.30193985423892
2023-05-31,75.80292555493068
2023-06-01,76.49582197392463
2023-06-02,75.13577253076765
2023-06-03,75.60027992508967
2023-06-04,76.18642487168702
2023-06-05,74.75772203563429
2023-06-06,78.4892710579238
2023-06-07,79.43693689974737
2023-06-08,77.05432990534207
2023-06-09,78.36743712260974
2023-06-10,76.41807378215509
2023-06-11,77.99224298964
2023-06-12,80.3094341476548
2023-06-13,78.66806951095138
2023-06-14,80.59482176944003
2023-06-15,81.42038362331303
2023-06-16,83.064503943302
2023-06-17,86.8580899086099
2023-06-18,86.36731367660416
2023-06-19,84.85984134788917
2023-06-20,83.08081248863813
2023-06-21,81.44919191870726
2023-06-22,81.29498849987905
2023-06-23,81.97729244951233
2023-06-24,82.53067404817237
2023-06-25,84.18504054624442
2023-06-26,84.21104433000023
2023-06-27,87.11811248431486
2023-06-28,86.58879881783895
2023-06-29,92.02913715101819
2023-06-30,93.28047184654821
2023-07-01,91.56615673371564
2023-07-02,89.42437173759342
2023-07-03,90.38931656807978
2023-07-04,89.94239099742808
2023-07-05,91.37039198561227
2023-07-06,92.31686723475936
2023-07-07,92.17120940944561
2023-07-08,90.4776219733088
2023-07-09,87.44792752393707
2023-07-10,86.55489761980303
2023-07-11,88.26769520844998
2023-07-12,88.69588269671038
2023-07-13,86.20440513928641
2023-07-14,86.55076699098876
2023-07-15,87.32140175044644
2023-07-16,85.55368687804418
2023-07-17,85.86113708993523
2023-07-18,85.97755452682723
2023-07-19,83.69161393116599
2023-07-20,84.40718865186255
2023-07-21,85.52875770459902
2023-07-22,87.69486019094957
2023-07-23,89.80246429501938
2023-07-24,87.0471255591052
2023-07-25,85.17147547927495
2023-07-26,86.20154601369227
2023-07-27,87.2291179155167
2023-07-28,88.25921328812879
2023-07-29,95.96467626943823
2023-07-30,97.10645729082457
2023-07-31,99.37758857118575
2023-08-01,101.28559209817216
2023-08-02,102.58837460078377
2023-08-03,101.95783611150307
2023-08-04,103.4757745524896
2023-08-05,101.93012412341446
2023-08-06,101.45648690993444
2023-08-07,100.48575981427624
2023-08-08,100.64950809304888
2023-08-09,105.2788252263959
2023-08-10,101.5442948412124
2023-08-11,102.91681522196143
2023-08-12,99.69138347958213
2023-08-13,98.74751974800326
2023-08-14,100.92542094193799
2023-08-15,101.05398098012891
2023-08-16,98.8984914242703
2023-08-17,97.46788400575036
2023-08-18,98.82707950361971
2023-08-19,97.36634624018545
2023-08-20,97.79926341934939
2023-08-21,97.89040709915702
2023-08-22,96.58720640394539
2023-08-23,100.87509458259603
2023-08-24,102.14293262723206
2023-08-25,98.09264745391684
2023-08-26,98.4655560834557
2023-08-27,97.14198315391893
2023-08-28,98.84684982351138
2023-08-29,97.26180834664598
2023-08-30,97.03233546371217
2023-08-31,98.04231002167309
2023-09-01,99.77382041001333
2023-09-02,97.37322759590178
2023-09-03,96.70422512421989
2023-09-04,95.75433450189797
2023-09-05,94.44767603675055
2023-09-06,97.97858451731274
2023-09-07,98.78854793923465
2023-09-08,96.26678003056456
2023-09-09,98.10250392467411
